,VIF Round 0,VIF Round 1,VIF Round 2,VIF Round 3,F-test (P-Value),Estimated Mutual Information
Capacity,73.38785784188643,,,,0.0,1.62420092454607
Curr Win %,8.798769226068986,8.738488053110366,8.059344866811589,6.117528471928698,3.168521527089972e-149,0.09002226064935392
LS Win %,15.238366022445428,14.925716289305186,10.940371400237748,,2.8130385316851915e-158,1.3302930283761727
Last Attendance vs Opp,19.78162496740038,16.532773141390297,9.457539738120312,6.117528471928698,8.71274750942593e-101,0.6816309676207668
Last Game,65.49953649833596,29.758836990030233,,,0.0,1.2474600112315084
