,VIF Round 0,VIF Round 1,VIF Round 2,VIF Round 3,VIF Round 4,F-test (P-Value),Estimated Mutual Information
Capacity,81.57416744706325,,,,,0.0,1.6872989414211421
Curr Win %,8.647693362661323,8.610048044723797,7.995174223557185,6.345800338103562,,4.92593607226208e-129,0.10169677295620705
H Pop,1.9625443666159552,1.9034597031510379,1.887739512449394,1.862670090749133,1.8262587687268763,3.0256020441448204e-164,0.48660214102135724
LS Win %,14.254100117770037,14.130414783564081,10.319431966143362,,,1.9816468540080784e-163,1.3962724312351051
Last Attendance vs Opp,19.376732403659783,16.592207779784548,9.07903586863409,6.160013098549705,2.1661237748739333,2.5172670701257446e-94,0.7178037379433073
Last Game,79.60257069229988,31.133350994115222,,,,0.0,1.3057580613099535
V Pop,1.7372118598828992,1.7348989805238344,1.7288548604035172,1.7281308994726023,1.6506663198383362,7.409375700625098e-30,0.0366807732701524
