,VIF Round 0,VIF Round 1,VIF Round 2,VIF Round 3,F-test (P-Value),Estimated Mutual Information
Capacity,57.384376266966825,,,,0.0,1.7328806761526439
Curr Win %,8.840972179947553,8.73822157579043,8.108739606727454,6.19454136341558,9.755871556250424e-185,0.08458322686804287
LS Win %,14.992194796940945,14.633150686269081,10.983068548439563,,3.7787453208982526e-224,1.3825311473280921
Last Attendance vs Opp,19.572256688875278,16.32359322086049,9.592500843688718,6.19454136341558,4.900658933894469e-115,0.7009210107863115
Last Game,51.5996423484431,27.894292326727022,,,0.0,1.3354005186913573
