,$R^2$,Mean Absolute Error,Root Mean Square Error
Dataset 1 Average,-0.033314606944104375,1645.3486099616002,2018.0551574632957
Dataset 2 Average,-0.0034984629376864085,1580.0682661747878,2004.9175599657765
Dataset 3 Average,-0.0006739306670624501,1563.123142796466,2002.0939657931124
