,$R^2$,Explained Variance Score,Mean Absolute Error,Root Mean Square Error,Mean Absolute Percent Error
Dataset 1 Average,-0.033314606944104375,1.1102230246251565e-16,1645.3486099616002,2018.0551574632957,9.573427580306475
Dataset 2 Average,-0.0034984629376864085,0.0,1580.0682661747878,2004.9175599657765,9.346122483771575
Dataset 3 Average,-0.0006739306670624501,0.0,1563.123142796466,2002.0939657931124,9.286025234630072
