,$R^2$,Mean Absolute Error,Root Mean Square Error
Dataset 1 OLS,0.5347243084992839,1034.0209909237822,1357.6230666626122
Dataset 2 OLS,0.54349814771078,1019.1398517720759,1341.5296842083926
Dataset 3 OLS,0.5475281358973173,1012.0256371051504,1335.5950604025054
