,$R^2$,Explained Variance Score,Mean Absolute Error,Root Mean Square Error,Mean Absolute Percent Error
Dataset 1 OLS,0.5359925528639078,0.5580670860578942,1027.3150297153495,1352.3192286434942,5.957096668961367
Dataset 2 OLS,0.5584292175174794,0.5668558443348972,999.2045526957687,1329.9592323306815,5.84166719693147
Dataset 3 OLS,0.5602495780711971,0.5621313807396222,993.5979062018623,1327.2150453224867,5.810614294184226
