,R^2,Explained Variance Score,Mean Absolute Error,Root Mean Square Error,Mean Absolute Percent Error
dataset_3: 1 dimensions,0.4420309150783337,0.44241593401728596,1179.9772298571813,1520.1795864548715,6.925218510435818
dataset_3: 2 dimensions,0.4819307313493665,0.48223439305052873,1115.079577607114,1464.8182545038517,6.592468645874483
dataset_3: 3 dimensions,0.4785728795543748,0.4795511954722431,1118.192131500943,1469.5576770242062,6.616601586533226
dataset_3: 4 dimensions,0.5151496259684176,0.5155287124683382,1069.8904789498283,1417.0778032406047,6.346164751267441
dataset_3: 5 dimensions,0.5162101437731341,0.5167548356454053,1068.442400970089,1415.527161007964,6.341542361098887
dataset_3: 6 dimensions,0.5161544057025977,0.5166936369387625,1068.6658582592293,1415.608701039606,6.342729756908594
