,$R^2$,Mean Absolute Error,Root Mean Square Error
Dataset 3 AdaBoost,0.47961561150552345,1047.268113162242,1432.3235890597662
Dataset 3 AdaBoost,0.46476148018530483,1015.9099339350461,1452.622260904877
