,$R^2$,Mean Absolute Error,Root Mean Square Error
Dataset 3 Random Forest,0.5694584112059422,894.4604255560131,1302.8264569229311
