,R^2,Explained Variance Score,Mean Absolute Error,Root Mean Square Error,Mean Absolute Percent Error
dataset_2: 1 dimensions,0.24323552933709836,0.24338339400742748,1430.7034407216495,1821.8080081972073,8.360594165830495
dataset_2: 2 dimensions,0.37190448149521094,0.3720287959474048,1269.5768041237113,1659.7209924047072,7.4884376978024125
dataset_2: 3 dimensions,0.35241528799036315,0.35264146660522755,1285.9127835051547,1685.274049695574,7.591470737717082
dataset_2: 4 dimensions,0.37503402752744175,0.3753339331358998,1258.953118556701,1655.580969606538,7.442324484480752
dataset_2: 5 dimensions,0.37577649740520136,0.3760804244700662,1258.928350515464,1654.597248608583,7.440649223236889
dataset_2: 6 dimensions,0.41604758185829405,0.41607273684119295,1192.425412371134,1600.3352459610473,7.064560061386508
