,R^2,Explained Variance Score,Mean Absolute Error,Root Mean Square Error,Mean Absolute Percent Error
dataset_3_3: 1 dimensions,0.5057483028122086,0.5061572466185729,1056.5474665689842,1430.7505204644779,6.3222957092740355
dataset_3_3: 2 dimensions,0.49945828178233376,0.49988764839188293,1066.0306521153327,1439.825855082596,6.369636286448409
