,R^2,Explained Variance Score,Mean Absolute Error,Root Mean Square Error,Mean Absolute Percent Error
dataset_3_1: 1 dimensions,0.12072350615468208,0.1209307764002241,1526.2655365804364,1908.3259652000643,9.001718700554568
dataset_3_1: 2 dimensions,0.13350160998763794,0.13360549949385214,1508.9830234438157,1894.4088240868778,8.914964786089277
