,R^2,Explained Variance Score,Mean Absolute Error,Root Mean Square Error,Mean Absolute Percent Error
dataset_1: 1 dimensions,0.20208843609257165,0.30087462995868475,1497.6282034518829,1944.705356434741,8.656805318272738
dataset_1: 2 dimensions,0.23547317762806597,0.33556501024793517,1449.3563023012553,1903.5872799431609,8.45906473198665
dataset_1: 3 dimensions,0.24911897069681765,0.34945640789767185,1454.2624869246863,1886.5225331137362,8.49336253598381
dataset_1: 4 dimensions,0.2485540365985741,0.3498601364561582,1444.2941945606694,1887.232073294164,8.433590373633955
