,R^2,Explained Variance Score,Mean Absolute Error,Root Mean Square Error,Mean Absolute Percent Error
dataset_3: 1 dimensions,0.44201627384132536,0.4424017059931725,1179.9920506601993,1520.1995312548743,6.925284695868801
dataset_3: 2 dimensions,0.4819302046814161,0.48223246469998715,1115.0746934788467,1464.8189990689884,6.592454537648812
dataset_3: 3 dimensions,0.4548930985885721,0.4549289860736264,1145.1396944893559,1502.5560038747426,6.7692806748674155
dataset_3: 4 dimensions,0.5098437239818842,0.5100048036750356,1076.6510374562113,1424.8105158924784,6.38288306425258
dataset_3: 5 dimensions,0.5162606111539403,0.5168067109677187,1068.3835472244677,1415.4533274927537,6.341177655341015
dataset_3: 6 dimensions,0.5161544057025977,0.5166936369387625,1068.6658582592293,1415.608701039606,6.342729756908594
