,R^2,Explained Variance Score,Mean Absolute Error,Root Mean Square Error,Mean Absolute Percent Error
dataset_3_2: 1 dimensions,0.416972344017156,0.41800399808812005,1213.6944219886823,1553.9405722468643,7.098627322303005
dataset_3_2: 2 dimensions,0.5120363073834691,0.5124861470260219,1075.0265427108595,1421.6201891646854,6.371582243183404
dataset_3_2: 3 dimensions,0.5119445326507339,0.5127551828910037,1069.731406628941,1421.7538698881876,6.355782656304804
dataset_3_2: 4 dimensions,0.512344770966938,0.513100535003297,1069.661715171113,1421.1707834116246,6.3554236876930155
